<?xml version="1.0" encoding="UTF-8"?>
<project-private xmlns="http://www.netbeans.org/ns/project-private/1">
    <editor-bookmarks xmlns="http://www.netbeans.org/ns/editor-bookmarks/2" lastBookmarkId="0"/>
    <open-files xmlns="http://www.netbeans.org/ns/projectui-open-files/2">
        <group>
            <file>file:/C:/xamppnew/htdocs/expertsystem/index.php</file>
            <file>file:/C:/xamppnew/htdocs/expertsystem/actions.php</file>
            <file>file:/C:/xamppnew/htdocs/expertsystem/register.php</file>
            <file>file:/C:/xamppnew/htdocs/expertsystem/fetchquestions.php</file>
            <file>file:/C:/xamppnew/htdocs/expertsystem/home.php</file>
            <file>file:/C:/xamppnew/htdocs/expertsystem/checkresult.php</file>
            <file>file:/C:/xamppnew/htdocs/expertsystem/submit.php</file>
        </group>
    </open-files>
</project-private>
